event_id,family,year,era,entry,stop,cost,stop_usd,rl,rs
NFP_2013-07-05,NFP,2013,2013-19,m60,10.0,base,10.0,-1.3938136000000214,0.8471363999999767
CPI_2013-07-16,CPI,2013,2013-19,m60,10.0,base,10.0,-0.4187170400000014,0.20128295999998044
NFP_2013-08-02,NFP,2013,2013-19,m60,10.0,base,10.0,1.2564220500000602,-1.2665779499999643
CPI_2013-08-15,CPI,2013,2013-19,m60,10.0,base,10.0,-0.7584324699999797,0.5449675300000308
NFP_2013-09-06,NFP,2013,2013-19,m60,10.0,base,10.0,1.6359604550000086,-1.6848395449999771
CPI_2013-09-17,CPI,2013,2013-19,m60,10.0,base,10.0,-0.052333905000000416,-0.10023390500000459
NFP_2013-10-22,NFP,2013,2013-19,m60,10.0,base,10.0,0.9402651250000418,-1.358734874999982
CPI_2013-10-30,CPI,2013,2013-19,m60,10.0,base,10.0,-0.030242150000003677,-0.1172421500000155
NFP_2013-11-08,NFP,2013,2013-19,m60,10.0,base,10.0,-1.689480900000035,1.165569099999948
CPI_2013-11-20,CPI,2013,2013-19,m60,10.0,base,10.0,-0.032714134999969245,-0.10491413499998999
NFP_2013-12-06,NFP,2013,2013-19,m60,10.0,base,10.0,-1.9870912999999972,1.1741586999999527
CPI_2013-12-17,CPI,2013,2013-19,m60,10.0,base,10.0,-0.039924725000014406,-0.12272472499998913
NFP_2014-01-10,NFP,2014,2013-19,m60,10.0,base,10.0,0.9788563649999787,-1.434043634999989
CPI_2014-01-16,CPI,2014,2013-19,m60,10.0,base,10.0,0.12121099499997853,-0.28358900500004436
NFP_2014-02-07,NFP,2014,2013-19,m60,10.0,base,10.0,0.808733600000005,-1.1594163999999636
CPI_2014-02-20,CPI,2014,2013-19,m60,10.0,base,10.0,0.17477694999997767,-0.29582304999999
NFP_2014-03-07,NFP,2014,2013-19,m60,10.0,base,10.0,-1.3485563749999756,0.9924436250000099
CPI_2014-03-18,CPI,2014,2013-19,m60,10.0,base,10.0,-0.09233263999999508,-0.054732640000020184
NFP_2014-04-04,NFP,2014,2013-19,m60,10.0,base,10.0,-0.16103322500000558,0.016366774999983135
CPI_2014-04-15,CPI,2014,2013-19,m60,10.0,base,10.0,-0.17012437000000774,0.020275630000014644
NFP_2014-05-02,NFP,2014,2013-19,m60,10.0,base,10.0,-1.2076585999999907,0.6476914000000079
CPI_2014-05-15,CPI,2014,2013-19,m60,10.0,base,10.0,-0.5102729800000134,0.3892270199999984
NFP_2014-06-06,NFP,2014,2013-19,m60,10.0,base,10.0,-0.35610270500001207,0.21599729500001102
CPI_2014-06-17,CPI,2014,2013-19,m60,10.0,base,10.0,-0.2754544800000076,0.14814552000000275
NFP_2014-07-03,NFP,2014,2013-19,m60,10.0,base,10.0,-0.5627206500000057,0.3697793500000216
CPI_2014-07-22,CPI,2014,2013-19,m60,10.0,base,10.0,0.028121200000009595,-0.16317880000001422
NFP_2014-08-01,NFP,2014,2013-19,m60,10.0,base,10.0,0.39978279999997995,-0.5814172000000098
CPI_2014-08-19,CPI,2014,2013-19,m60,10.0,base,10.0,-0.2688062999999602,0.1291937000000189
NFP_2014-09-05,NFP,2014,2013-19,m60,10.0,base,10.0,0.48639065499999107,-0.6915093449999858
NFP_2014-10-03,NFP,2014,2013-19,m60,10.0,base,10.0,-0.847626205000006,0.6604737950000071
CPI_2014-10-22,CPI,2014,2013-19,m60,10.0,base,10.0,-0.2527862200000072,0.09741378000001077
NFP_2014-11-07,NFP,2014,2013-19,m60,10.0,base,10.0,0.4187245399999938,-1.312375460000021
CPI_2014-11-20,CPI,2014,2013-19,m60,10.0,base,10.0,-0.23449906499997725,0.07190093499998511
NFP_2014-12-05,NFP,2014,2013-19,m60,10.0,base,10.0,-1.1074966549999772,0.7045533449999993
CPI_2014-12-17,CPI,2014,2013-19,m60,10.0,base,10.0,-0.07658724999998867,-0.06658724999999777
NFP_2015-01-09,NFP,2015,2013-19,m60,10.0,base,10.0,0.29517704999998384,-0.4666229499999872
CPI_2015-01-16,CPI,2015,2013-19,m60,10.0,base,10.0,-0.19982254999997623,0.029077450000045246
NFP_2015-02-06,NFP,2015,2013-19,m60,10.0,base,10.0,-1.3046603050000158,0.7819396950000055
CPI_2015-02-26,CPI,2015,2013-19,m60,10.0,base,10.0,0.08551866499997232,-0.2586813349999829
NFP_2015-03-06,NFP,2015,2013-19,m60,10.0,base,10.0,-0.3093732950000231,0.007826704999979483
CPI_2015-04-17,CPI,2015,2013-19,m60,10.0,base,10.0,-0.17744993999999678,0.03015005999998266
NFP_2015-05-08,NFP,2015,2013-19,m60,10.0,base,10.0,0.6836104999999861,-1.15153949999999
CPI_2015-05-22,CPI,2015,2013-19,m60,10.0,base,10.0,-0.46817484999999126,0.3009251499999891
NFP_2015-06-05,NFP,2015,2013-19,m60,10.0,base,10.0,-0.7524909849999858,0.577209014999994
CPI_2015-06-18,CPI,2015,2013-19,m60,10.0,base,10.0,-0.08796805000001769,-0.058668050000005675
NFP_2015-07-02,NFP,2015,2013-19,m60,10.0,base,10.0,0.2708730150000065,-0.4218269849999842
CPI_2015-07-17,CPI,2015,2013-19,m60,10.0,base,10.0,-0.06628920999999081,-0.09118920999997045
NFP_2015-08-07,NFP,2015,2013-19,m60,10.0,base,10.0,-0.4848666900000126,0.3188333099999909
CPI_2015-08-19,CPI,2015,2013-19,m60,10.0,base,10.0,0.06082400000000234,-0.19387599999997746
NFP_2015-09-04,NFP,2015,2013-19,m60,10.0,base,10.0,0.21486350000002402,-0.40533649999999855
CPI_2015-09-16,CPI,2015,2013-19,m60,10.0,base,10.0,-0.00425326499998846,-0.10895326500001375
NFP_2015-10-02,NFP,2015,2013-19,m60,10.0,base,10.0,0.8344951649999757,-1.0747548350000442
CPI_2015-10-15,CPI,2015,2013-19,m60,10.0,base,10.0,-0.30479021499998,0.12940978500002984
NFP_2015-11-06,NFP,2015,2013-19,m60,10.0,base,10.0,-1.2323762499999702,1.5002237500000093
CPI_2015-11-17,CPI,2015,2013-19,m60,10.0,base,10.0,-0.31986640999996324,0.17163359000001038
NFP_2015-12-04,NFP,2015,2013-19,m60,10.0,base,10.0,-0.4439335500000425,0.31076644999996006
CPI_2015-12-15,CPI,2015,2013-19,m60,10.0,base,10.0,-0.22685406499999772,0.08434593499996482
NFP_2016-01-08,NFP,2016,2013-19,m60,10.0,base,10.0,-0.23418189999999867,0.04381810000002133
CPI_2016-01-20,CPI,2016,2013-19,m60,10.0,base,10.0,0.04655718000001343,-0.1687428200000113
NFP_2016-02-05,NFP,2016,2013-19,m60,10.0,base,10.0,-0.04228359500000352,-0.11528359500000533
CPI_2016-02-19,CPI,2016,2013-19,m60,10.0,base,10.0,-0.12298761000001832,-0.037187609999978125
NFP_2016-03-04,NFP,2016,2013-19,m60,10.0,base,10.0,-0.5907158000000209,0.4202842000000146
CPI_2016-03-16,CPI,2016,2013-19,m60,10.0,base,10.0,-0.2814303050000035,0.13636969500003032
NFP_2016-04-01,NFP,2016,2013-19,m60,10.0,base,10.0,-0.48242234499996356,0.3253776549999884
CPI_2016-04-14,CPI,2016,2013-19,m60,10.0,base,10.0,0.08930140999998457,-0.23899858999998286
NFP_2016-05-06,NFP,2016,2013-19,m60,10.0,base,10.0,0.8980631399999766,-1.0792868600000247
CPI_2016-05-17,CPI,2016,2013-19,m60,10.0,base,10.0,-0.21701649499998438,0.07878350500002398
NFP_2016-06-03,NFP,2016,2013-19,m60,10.0,base,10.0,0.9220591399999876,-1.1752408600000308
NFP_2016-07-08,NFP,2016,2013-19,m60,10.0,base,10.0,-1.2175791600000139,1.8282708399999819
CPI_2016-07-15,CPI,2016,2013-19,m60,10.0,base,10.0,-0.44869180499997585,0.30540819500001815
NFP_2016-08-05,NFP,2016,2013-19,m60,10.0,base,10.0,-1.2169584350000378,0.7229415650000192
CPI_2016-08-16,CPI,2016,2013-19,m60,10.0,base,10.0,0.21036831000001258,-0.35863168999997014
NFP_2016-09-02,NFP,2016,2013-19,m60,10.0,base,10.0,-1.2561835050000127,-1.2642835049999803
CPI_2016-09-16,CPI,2016,2013-19,m60,10.0,base,10.0,-0.2911914999999681,0.1339085000000068
NFP_2016-10-07,NFP,2016,2013-19,m60,10.0,base,10.0,0.3935117499999933,-1.0669382499999984
CPI_2016-10-18,CPI,2016,2013-19,m60,10.0,base,10.0,0.14289808500002438,-0.2661019150000129
NFP_2016-11-04,NFP,2016,2013-19,m60,10.0,base,10.0,-0.13197585499995057,-0.03387585499997385
CPI_2016-11-17,CPI,2016,2013-19,m60,10.0,base,10.0,-0.19321164500001942,0.03968835499999841
NFP_2016-12-02,NFP,2016,2013-19,m60,10.0,base,10.0,-0.23176399999995284,0.02293600000000424
CPI_2016-12-15,CPI,2016,2013-19,m60,10.0,base,10.0,-0.051440164999985424,-0.07414016499999435
NFP_2017-01-06,NFP,2017,2013-19,m60,10.0,base,10.0,-0.18278909999999088,0.01121090000001459
CPI_2017-01-18,CPI,2017,2013-19,m60,10.0,base,10.0,-0.06797761499999525,-0.05207761499998469
NFP_2017-02-03,NFP,2017,2013-19,m60,10.0,base,10.0,0.30368988999996416,-0.46391010999998344
NFP_2017-03-10,NFP,2017,2013-19,m60,10.0,base,10.0,-0.2769369549999965,0.0775630450000108
CPI_2017-03-15,CPI,2017,2013-19,m60,10.0,base,10.0,-0.14315348500001618,0.038546515000007275
NFP_2017-04-07,NFP,2017,2013-19,m60,10.0,base,10.0,0.5178574499999968,-0.6531425499999841
NFP_2017-05-05,NFP,2017,2013-19,m60,10.0,base,10.0,-0.2876621299999897,0.16043786999998702
CPI_2017-05-12,CPI,2017,2013-19,m60,10.0,base,10.0,0.059372239999970586,-0.1845277600000145
NFP_2017-06-02,NFP,2017,2013-19,m60,10.0,base,10.0,0.2759191000000101,-0.39218090000001665
CPI_2017-06-14,CPI,2017,2013-19,m60,10.0,base,10.0,0.41624639499998467,-0.5419536050000033
NFP_2017-07-07,NFP,2017,2013-19,m60,10.0,base,10.0,-0.22232285000000046,0.0918771500000048
CPI_2017-07-14,CPI,2017,2013-19,m60,10.0,base,10.0,0.5464801850000185,-0.6709198149999793
NFP_2017-08-04,NFP,2017,2013-19,m60,10.0,base,10.0,-0.7010810600000014,0.5537189399999989
CPI_2017-08-11,CPI,2017,2013-19,m60,10.0,base,10.0,0.3727384900000061,-0.5120615099999896
NFP_2017-09-01,NFP,2017,2013-19,m60,10.0,base,10.0,0.6646976849999874,-0.8019023149999839
CPI_2017-09-14,CPI,2017,2013-19,m60,10.0,base,10.0,-0.649334500000009,0.5296654999999874
NFP_2017-10-06,NFP,2017,2013-19,m60,10.0,base,10.0,-0.2908372650000047,0.1644627349999837
CPI_2017-10-13,CPI,2017,2013-19,m60,10.0,base,10.0,0.286628799999994,-0.4038711999999805
NFP_2017-11-03,NFP,2017,2013-19,m60,10.0,base,10.0,0.30185045000000627,-0.4265495500000043
CPI_2017-11-15,CPI,2017,2013-19,m60,10.0,base,10.0,-0.2616751000000022,0.15272489999999833
NFP_2017-12-08,NFP,2017,2013-19,m60,10.0,base,10.0,0.039275964999978895,-0.16602403499998672
CPI_2017-12-13,CPI,2017,2013-19,m60,10.0,base,10.0,0.36319089999997234,-0.4828091000000086
NFP_2018-01-05,NFP,2018,2013-19,m60,10.0,base,10.0,0.40928114999999254,-0.5230188500000168
CPI_2018-01-12,CPI,2018,2013-19,m60,10.0,base,10.0,-0.5248150499999611,0.4001849500000162
NFP_2018-02-02,NFP,2018,2013-19,m60,10.0,base,10.0,-0.535956020000026,0.4154439799999864
CPI_2018-02-14,CPI,2018,2013-19,m60,10.0,base,10.0,-1.373109399999953,0.6001905999999962
NFP_2018-03-09,NFP,2018,2013-19,m60,10.0,base,10.0,0.048046844999998936,-0.17715315499999634
CPI_2018-03-13,CPI,2018,2013-19,m60,10.0,base,10.0,-0.011336000000005697,-0.12323599999997441
NFP_2018-04-06,NFP,2018,2013-19,m60,10.0,base,10.0,0.5116556400000036,-0.6457443600000033
CPI_2018-04-11,CPI,2018,2013-19,m60,10.0,base,10.0,0.06923159999998915,-0.17006840000003648
NFP_2018-05-04,NFP,2018,2013-19,m60,10.0,base,10.0,0.39169904999998834,-0.5283009499999934
CPI_2018-05-10,CPI,2018,2013-19,m60,10.0,base,10.0,0.24062116499997047,-0.352978834999999
NFP_2018-06-01,NFP,2018,2013-19,m60,10.0,base,10.0,-0.49174239999999825,0.39065760000000865
CPI_2018-06-12,CPI,2018,2013-19,m60,10.0,base,10.0,0.03295767999998134,-0.16564231999998355
NFP_2018-07-06,NFP,2018,2013-19,m60,10.0,base,10.0,-0.0803517499999998,-0.03835175000001527
CPI_2018-07-12,CPI,2018,2013-19,m60,10.0,base,10.0,-0.015245549999985997,-0.09524554999995871
NFP_2018-08-03,NFP,2018,2013-19,m60,10.0,base,10.0,0.12937678999999208,-0.2584232099999781
CPI_2018-08-10,CPI,2018,2013-19,m60,10.0,base,10.0,-0.059932650000041575,-0.05793265000002066
NFP_2018-09-07,NFP,2018,2013-19,m60,10.0,base,10.0,-0.2691646550000087,0.13693534500000623
CPI_2018-09-13,CPI,2018,2013-19,m60,10.0,base,10.0,0.05324120000000221,-0.16415880000004107
NFP_2018-10-05,NFP,2018,2013-19,m60,10.0,base,10.0,0.11627594999999928,-0.25472405000000437
CPI_2018-10-11,CPI,2018,2013-19,m60,10.0,base,10.0,0.08010748499998499,-0.195992514999989
NFP_2018-11-02,NFP,2018,2013-19,m60,10.0,base,10.0,-0.20724878500002433,0.03375121499998386
CPI_2018-11-14,CPI,2018,2013-19,m60,10.0,base,10.0,0.05058850000000348,-0.18941149999998289
NFP_2018-12-07,NFP,2018,2013-19,m60,10.0,base,10.0,0.26515245000000504,-0.43014755000001514
CPI_2018-12-12,CPI,2018,2013-19,m60,10.0,base,10.0,-0.0648502649999955,-0.09485026500001367
CPI_2019-01-11,CPI,2019,2013-19,m60,10.0,base,10.0,0.0328782849999925,-0.1835217149999835
NFP_2019-02-01,NFP,2019,2013-19,m60,10.0,base,10.0,-0.16401419999997416,0.011985800000002201
NFP_2019-03-08,NFP,2019,2013-19,m60,10.0,base,10.0,0.4836218149999695,-0.609678185000007
CPI_2019-03-12,CPI,2019,2013-19,m60,10.0,base,10.0,-0.015869185000042307,-0.13886918500004414
NFP_2019-04-05,NFP,2019,2013-19,m60,10.0,base,10.0,-0.05168780000001334,-0.1156878000000006
CPI_2019-04-10,CPI,2019,2013-19,m60,10.0,base,10.0,0.04907104999999774,-0.211928950000015
NFP_2019-05-03,NFP,2019,2013-19,m60,10.0,base,10.0,-0.23161891499999002,0.07338108499998271
NFP_2019-06-07,NFP,2019,2013-19,m60,10.0,base,10.0,0.3628274999999803,-0.5431725000000143
CPI_2019-06-12,CPI,2019,2013-19,m60,10.0,base,10.0,0.19826641499998915,-0.3437335849999954
NFP_2019-07-05,NFP,2019,2013-19,m60,10.0,base,10.0,-0.9219306999999844,0.7320693000000119
CPI_2019-07-11,CPI,2019,2013-19,m60,10.0,base,10.0,-0.5776443850000078,0.4170556149999811
NFP_2019-08-02,NFP,2019,2013-19,m60,10.0,base,10.0,0.06233039999999619,-0.25866959999998473
CPI_2019-08-13,CPI,2019,2013-19,m60,10.0,base,10.0,-0.12658334999998716,-0.03328335000001061
NFP_2019-09-06,NFP,2019,2013-19,m60,10.0,base,10.0,0.5984946499999978,-1.047555350000016
CPI_2019-09-12,CPI,2019,2013-19,m60,10.0,base,10.0,-0.11708309999999074,-0.046083100000009834
NFP_2019-10-04,NFP,2019,2013-19,m60,10.0,base,10.0,-0.2953444499999932,0.09895554999998239
CPI_2019-10-10,CPI,2019,2013-19,m60,10.0,base,10.0,-0.11344390000001567,-0.07814390000000912
NFP_2019-11-01,NFP,2019,2013-19,m60,10.0,base,10.0,-0.6538633499999833,0.4914366499999915
NFP_2019-12-06,NFP,2019,2013-19,m60,10.0,base,10.0,-1.095768599999974,0.8447814000000335
CPI_2019-12-11,CPI,2019,2013-19,m60,10.0,base,10.0,-0.14611660000000484,-0.0114165999999841
NFP_2020-01-10,NFP,2020,2020-22,m60,10.0,base,10.0,0.49971839999996065,-0.680281600000012
CPI_2020-01-14,CPI,2020,2020-22,m60,10.0,base,10.0,0.16156240000002525,-0.3324375999999802
NFP_2020-02-07,NFP,2020,2020-22,m60,10.0,base,10.0,-0.3243985499999781,0.14890144999997118
CPI_2020-02-13,CPI,2020,2020-22,m60,10.0,base,10.0,-0.09413230000002386,-0.0761323000000175
NFP_2020-03-06,NFP,2020,2020-22,m60,10.0,base,10.0,-1.1295068350000066,0.3223931649999713
CPI_2020-03-11,CPI,2020,2020-22,m60,10.0,base,10.0,-0.15123089999999592,-0.021530900000016118
NFP_2020-04-03,NFP,2020,2020-22,m60,10.0,base,10.0,-0.33747514999997746,-0.45047514999996563
NFP_2020-05-08,NFP,2020,2020-22,m60,10.0,base,10.0,-0.43448700000001284,0.10051299999997809
CPI_2020-05-12,CPI,2020,2020-22,m60,10.0,base,10.0,-0.021565850000024513,-0.17186585000001742
NFP_2020-06-05,NFP,2020,2020-22,m60,10.0,base,10.0,-1.0596204999999828,0.6065294999999878
CPI_2020-06-10,CPI,2020,2020-22,m60,10.0,base,10.0,-0.1774833999999828,0.012816600000019208
NFP_2020-07-02,NFP,2020,2020-22,m60,10.0,base,10.0,-0.3234723000000031,0.0025276999999960027
CPI_2020-07-14,CPI,2020,2020-22,m60,10.0,base,10.0,0.0192055499999924,-0.26079445000002577
NFP_2020-08-07,NFP,2020,2020-22,m60,10.0,base,10.0,-0.3912482000000182,0.1340518000000202
CPI_2020-08-12,CPI,2020,2020-22,m60,10.0,base,10.0,-0.4807587650000187,0.279241234999995
NFP_2020-09-04,NFP,2020,2020-22,m60,10.0,base,10.0,-0.39098298499998235,-1.2687329849999514
CPI_2020-09-11,CPI,2020,2020-22,m60,10.0,base,10.0,-0.07774555000000874,-0.12074554999999236
NFP_2020-10-02,NFP,2020,2020-22,m60,10.0,base,10.0,-0.12438769999996566,-0.09738769999996748
CPI_2020-10-13,CPI,2020,2020-22,m60,10.0,base,10.0,-0.05366423499999655,-0.1449642349999749
NFP_2020-11-06,NFP,2020,2020-22,m60,10.0,base,10.0,-0.45535995000000185,0.21464005000002545
CPI_2020-11-12,CPI,2020,2020-22,m60,10.0,base,10.0,-0.20916653500000848,0.03953346499995405
NFP_2020-12-04,NFP,2020,2020-22,m60,10.0,base,10.0,0.2586782849999736,-0.48032171499999093
CPI_2020-12-10,CPI,2020,2020-22,m60,10.0,base,10.0,0.13276583500000924,-0.3329341649999833
NFP_2021-01-08,NFP,2021,2020-22,m60,10.0,base,10.0,-0.14969380000000002,-0.06979380000002493
CPI_2021-01-13,CPI,2021,2020-22,m60,10.0,base,10.0,0.1846121999999923,-0.3890878000000157
NFP_2021-02-05,NFP,2021,2020-22,m60,10.0,base,10.0,0.4296780500000068,-0.6870219499999848
CPI_2021-02-10,CPI,2021,2020-22,m60,10.0,base,10.0,0.26852389999999104,-0.49477610000001276
NFP_2021-03-05,NFP,2021,2020-22,m60,10.0,base,10.0,-0.6357580199999802,0.4110419800000045
CPI_2021-03-10,CPI,2021,2020-22,m60,10.0,base,10.0,0.1918742449999627,-0.3737257550000095
CPI_2021-04-13,CPI,2021,2020-22,m60,10.0,base,10.0,-0.14457596500001274,-0.048275965000016186
NFP_2021-05-07,NFP,2021,2020-22,m60,10.0,base,10.0,0.8359154850000096,-1.0661345150000217
CPI_2021-05-12,CPI,2021,2020-22,m60,10.0,base,10.0,-1.0886436999999887,1.0678063000000066
NFP_2021-06-04,NFP,2021,2020-22,m60,10.0,base,10.0,0.8745533999999907,-1.0213465999999927
CPI_2021-06-10,CPI,2021,2020-22,m60,10.0,base,10.0,-0.5150607499999978,0.2779392500000085
NFP_2021-07-02,NFP,2021,2020-22,m60,10.0,base,10.0,-0.45506666499998116,0.237233335000019
CPI_2021-07-13,CPI,2021,2020-22,m60,10.0,base,10.0,-1.0929396500000166,0.7521103499999982
NFP_2021-08-06,NFP,2021,2020-22,m60,10.0,base,10.0,-1.0846923000000062,0.753657700000008
CPI_2021-08-11,CPI,2021,2020-22,m60,10.0,base,10.0,0.1662896499999988,-0.37401034999998045
NFP_2021-09-03,NFP,2021,2020-22,m60,10.0,base,10.0,0.7505589500000042,-1.1503410499999973
CPI_2021-09-14,CPI,2021,2020-22,m60,10.0,base,10.0,0.2531029299999773,-0.3961970700000165
NFP_2021-10-08,NFP,2021,2020-22,m60,10.0,base,10.0,0.5311328500000172,-1.1731171499999846
CPI_2021-10-13,CPI,2021,2020-22,m60,10.0,base,10.0,-0.026802574999987883,-0.15730257499999425
NFP_2021-11-05,NFP,2021,2020-22,m60,10.0,base,10.0,-0.3224163800000269,0.10618362000000162
CPI_2021-11-10,CPI,2021,2020-22,m60,10.0,base,10.0,-0.4915801500000043,0.28941985000001297
NFP_2021-12-03,NFP,2021,2020-22,m60,10.0,base,10.0,0.7888185099999874,-1.0665814899999533
CPI_2021-12-10,CPI,2021,2020-22,m60,10.0,base,10.0,-0.012191449999977521,-0.18749144999999318
NFP_2022-01-07,NFP,2022,2020-22,m60,10.0,base,10.0,0.26185290000000805,-0.46904709999996613
CPI_2022-01-12,CPI,2022,2020-22,m60,10.0,base,10.0,-0.22994935000001532,0.04015065000003233
NFP_2022-02-04,NFP,2022,2020-22,m60,10.0,base,10.0,-0.7128839050000352,0.5152160950000052
CPI_2022-02-10,CPI,2022,2020-22,m60,10.0,base,10.0,-0.6587083500000063,0.46369164999996426
NFP_2022-03-04,NFP,2022,2020-22,m60,10.0,base,10.0,0.01526059999998779,-0.1977394000000004
CPI_2022-03-10,CPI,2022,2020-22,m60,10.0,base,10.0,0.03687749999999142,-0.23972249999999348
NFP_2022-04-01,NFP,2022,2020-22,m60,10.0,base,10.0,-0.2149008599999888,0.004699140000002444
CPI_2022-04-12,CPI,2022,2020-22,m60,10.0,base,10.0,0.3622371799999883,-0.5369628200000307
NFP_2022-05-06,NFP,2022,2020-22,m60,10.0,base,10.0,0.2688570000000027,-0.4901429999999891
CPI_2022-05-11,CPI,2022,2020-22,m60,10.0,base,10.0,-0.6216035200000078,0.4457964800000127
NFP_2022-06-03,NFP,2022,2020-22,m60,10.0,base,10.0,-0.030831820000003063,-0.23523181999998996
CPI_2022-06-10,CPI,2022,2020-22,m60,10.0,base,10.0,-0.34193315499999244,0.18286684499998956
NFP_2022-07-08,NFP,2022,2020-22,m60,10.0,base,10.0,-0.7447099250000292,0.5422900749999826
CPI_2022-07-13,CPI,2022,2020-22,m60,10.0,base,10.0,-0.41323870499998067,0.24766129500001172
NFP_2022-08-05,NFP,2022,2020-22,m60,10.0,base,10.0,-1.0742362050000338,0.8519637949999833
CPI_2022-08-10,CPI,2022,2020-22,m60,10.0,base,10.0,1.1229710500000238,-1.0992289499999743
NFP_2022-09-02,NFP,2022,2020-22,m60,10.0,base,10.0,0.47724732999997743,-1.018552670000031
CPI_2022-09-13,CPI,2022,2020-22,m60,10.0,base,10.0,-1.055258205000041,1.205641794999974
NFP_2022-10-07,NFP,2022,2020-22,m60,10.0,base,10.0,-0.5291540750000194,0.34634592499999145
CPI_2022-10-13,CPI,2022,2020-22,m60,10.0,base,10.0,-1.058212014999981,1.5022879849999982
NFP_2022-11-04,NFP,2022,2020-22,m60,10.0,base,10.0,-0.3173504949999824,0.12654950500000267
CPI_2022-11-10,CPI,2022,2020-22,m60,10.0,base,10.0,2.059480555000005,-1.1198694449999493
NFP_2022-12-02,NFP,2022,2020-22,m60,10.0,base,10.0,-1.1004711499999758,0.9850788500000135
CPI_2022-12-13,CPI,2022,2020-22,m60,10.0,base,10.0,1.5970191099999966,-1.7916808900000205
NFP_2023-01-06,NFP,2023,2023-24,m60,10.0,base,10.0,0.07194140999999946,-0.34025858999998493
CPI_2023-01-12,CPI,2023,2023-24,m60,10.0,base,10.0,-2.0804984100000636,0.3018515900000011
NFP_2023-02-03,NFP,2023,2023-24,m60,10.0,base,10.0,-1.490932410000005,0.8728175899999997
CPI_2023-02-14,CPI,2023,2023-24,m60,10.0,base,10.0,-1.1074462850000146,0.6986537149999776
NFP_2023-03-10,NFP,2023,2023-24,m60,10.0,base,10.0,0.5869256149999955,-0.8073743850000028
CPI_2023-03-14,CPI,2023,2023-24,m60,10.0,base,10.0,0.19438098000000537,-0.3823190199999772
CPI_2023-04-12,CPI,2023,2023-24,m60,10.0,base,10.0,1.064131445000021,-1.1816185550000227
NFP_2023-05-05,NFP,2023,2023-24,m60,10.0,base,10.0,-1.060687165000013,0.7840628350000088
CPI_2023-05-10,CPI,2023,2023-24,m60,10.0,base,10.0,1.099186104999967,-1.071413895000046
NFP_2023-06-02,NFP,2023,2023-24,m60,10.0,base,10.0,-0.3976357000000007,0.15066429999997127
CPI_2023-06-13,CPI,2023,2023-24,m60,10.0,base,10.0,-1.262291550000009,-1.095691550000015
NFP_2023-07-07,NFP,2023,2023-24,m60,10.0,base,10.0,0.4463962049999964,-1.2209037950000265
CPI_2023-07-12,CPI,2023,2023-24,m60,10.0,base,10.0,0.8686011149999786,-1.0897988850000275
NFP_2023-08-04,NFP,2023,2023-24,m60,10.0,base,10.0,0.20312496499996086,-0.4371750350000184
CPI_2023-08-10,CPI,2023,2023-24,m60,10.0,base,10.0,0.5368297350000149,-0.7442702650000002
NFP_2023-09-01,NFP,2023,2023-24,m60,10.0,base,10.0,0.469889749999993,-0.643010250000043
CPI_2023-09-13,CPI,2023,2023-24,m60,10.0,base,10.0,-0.44162009999997737,0.26537990000001627
NFP_2023-10-06,NFP,2023,2023-24,m60,10.0,base,10.0,-0.5600978349999878,0.3749021650000259
CPI_2023-10-12,CPI,2023,2023-24,m60,10.0,base,10.0,-0.2488908450000281,0.07100915500000156
NFP_2023-11-03,NFP,2023,2023-24,m60,10.0,base,10.0,0.500545454999974,-0.6825545450000163
CPI_2023-11-14,CPI,2023,2023-24,m60,10.0,base,10.0,0.9804956000000175,-1.0530543999999735
NFP_2023-12-08,NFP,2023,2023-24,m60,10.0,base,10.0,-1.0652743500000041,0.8552256499999658
CPI_2023-12-12,CPI,2023,2023-24,m60,10.0,base,10.0,0.30958720000000994,-0.4794128000000001
NFP_2024-01-05,NFP,2024,2023-24,m60,10.0,base,10.0,-1.1194019500000194,1.1270980499999723
CPI_2024-01-11,CPI,2024,2023-24,m60,10.0,base,10.0,-1.0535759000000098,0.7586240999999972
NFP_2024-02-02,NFP,2024,2023-24,m60,10.0,base,10.0,-1.0775310499999933,1.055968950000033
CPI_2024-02-13,CPI,2024,2023-24,m60,10.0,base,10.0,-1.0278870999999754,0.5347128999999995
NFP_2024-03-08,NFP,2024,2023-24,m60,10.0,base,10.0,-1.4617733500000214,-0.5706733500000609
CPI_2024-03-12,CPI,2024,2023-24,m60,10.0,base,10.0,-1.141654035000056,0.25494596499997896
NFP_2024-04-05,NFP,2024,2023-24,m60,10.0,base,10.0,-1.0818816949999928,0.9059183050000229
CPI_2024-04-10,CPI,2024,2023-24,m60,10.0,base,10.0,-1.1558980499999962,1.2099519499999587
NFP_2024-05-03,NFP,2024,2023-24,m60,10.0,base,10.0,2.0656742350000514,-1.1696257649999553
CPI_2024-05-15,CPI,2024,2023-24,m60,10.0,base,10.0,1.3280551849999938,-1.4226448149999213
NFP_2024-06-07,NFP,2024,2023-24,m60,10.0,base,10.0,-1.120675915000038,1.6091240850000303
CPI_2024-06-12,CPI,2024,2023-24,m60,10.0,base,10.0,0.7098031549999633,-1.4952968450000754
NFP_2024-07-05,NFP,2024,2023-24,m60,10.0,base,10.0,-1.3759675000000242,0.2854324999999335
CPI_2024-07-11,CPI,2024,2023-24,m60,10.0,base,10.0,1.389638265000076,-1.328361735000044
NFP_2024-08-02,NFP,2024,2023-24,m60,10.0,base,10.0,1.6148852150000947,-1.9199147849999918
CPI_2024-08-14,CPI,2024,2023-24,m60,10.0,base,10.0,-0.06176638500005538,-0.13706638500002555
NFP_2024-09-06,NFP,2024,2023-24,m60,10.0,base,10.0,0.5449384499999269,-0.8600615500000004
CPI_2024-09-11,CPI,2024,2023-24,m60,10.0,base,10.0,-0.46058339999990494,0.19141660000004776
NFP_2024-10-04,NFP,2024,2023-24,m60,10.0,base,10.0,-1.1132176150000306,1.3839823849999902
CPI_2024-10-10,CPI,2024,2023-24,m60,10.0,base,10.0,-1.206388164999953,-0.7112381649999406
NFP_2024-11-01,NFP,2024,2023-24,m60,10.0,base,10.0,0.5269916500000363,-0.7880083500000182
CPI_2024-11-13,CPI,2024,2023-24,m60,10.0,base,10.0,0.8198641500000576,-1.0827858499999365
NFP_2024-12-06,NFP,2024,2023-24,m60,10.0,base,10.0,0.024138099999981934,-0.3268619000000399
CPI_2024-12-11,CPI,2024,2023-24,m60,10.0,base,10.0,-0.24860530499995548,-0.5191053049999936
NFP_2025-01-10,NFP,2025,2025-26,m60,10.0,base,10.0,-1.2269263850000243,0.4553236149999975
CPI_2025-01-15,CPI,2025,2025-26,m60,10.0,base,10.0,0.7141102000000046,-1.0291897999999946
NFP_2025-02-07,NFP,2025,2025-26,m60,10.0,base,10.0,-0.1804799500000172,-1.3246299499998713
CPI_2025-02-12,CPI,2025,2025-26,m60,10.0,base,10.0,-1.5547785499999462,0.9207214500000191
NFP_2025-03-07,NFP,2025,2025-26,m60,10.0,base,10.0,0.5399793499999305,-1.2812206500000685
CPI_2025-03-12,CPI,2025,2025-26,m60,10.0,base,10.0,0.4233621500000481,-0.7196378499999809
NFP_2025-04-04,NFP,2025,2025-26,m60,10.0,base,10.0,-1.7178516749999744,-0.14325167499996497
CPI_2025-04-10,CPI,2025,2025-26,m60,10.0,base,10.0,0.09071629999994002,-0.5732837000000017
NFP_2025-05-02,NFP,2025,2025-26,m60,10.0,base,10.0,-1.5915953500000342,0.5444046500000695
CPI_2025-05-13,CPI,2025,2025-26,m60,10.0,base,10.0,0.014086149999957342,-1.5204138500000681
NFP_2025-06-06,NFP,2025,2025-26,m60,10.0,base,10.0,-0.6600503999999546,0.2029496000000563
CPI_2025-06-11,CPI,2025,2025-26,m60,10.0,base,10.0,0.3406327650000094,-1.3122672349999902
NFP_2025-07-03,NFP,2025,2025-26,m60,10.0,base,10.0,-1.5174952500000471,1.1374547500000063
CPI_2025-07-15,CPI,2025,2025-26,m60,10.0,base,10.0,-0.04639810000003308,-0.2960981000000629
NFP_2025-08-01,NFP,2025,2025-26,m60,10.0,base,10.0,0.966986149999957,-1.229213850000042
CPI_2025-08-12,CPI,2025,2025-26,m60,10.0,base,10.0,0.640839085000016,-1.6044609150000269
NFP_2025-09-05,NFP,2025,2025-26,m60,10.0,base,10.0,1.664456599999994,-2.4840434000001097
CPI_2025-09-11,CPI,2025,2025-26,m60,10.0,base,10.0,-1.453227750000042,-1.359227749999991
CPI_2025-10-24,CPI,2025,2025-26,m60,10.0,base,10.0,2.693837499999927,-1.9548125000001164
NFP_2025-11-20,NFP,2025,2025-26,m60,10.0,base,10.0,-1.5542675500000314,0.19563244999999369
NFP_2025-12-16,NFP,2025,2025-26,m60,10.0,base,10.0,0.36799040000014427,-0.6700095999998666
CPI_2025-12-18,CPI,2025,2025-26,m60,10.0,base,10.0,0.7162378999999419,-1.2179120999999213
NFP_2026-01-09,NFP,2026,2025-26,m60,10.0,base,10.0,-1.3532098000000587,-0.2607097999999496
CPI_2026-01-13,CPI,2026,2025-26,m60,10.0,base,10.0,0.7804855000001225,-1.1375144999999065
NFP_2026-02-11,NFP,2026,2025-26,m60,10.0,base,10.0,-2.6774492000001375,5.769150799999897
CPI_2026-02-13,CPI,2026,2025-26,m60,10.0,base,10.0,2.4678250500000103,-2.017374949999976
NFP_2026-03-06,NFP,2026,2025-26,m60,10.0,base,10.0,3.2741658999998435,-2.0200341000000663
CPI_2026-03-11,CPI,2026,2025-26,m60,10.0,base,10.0,-0.38089809999992214,-1.8040980999998282
CPI_2026-04-10,CPI,2026,2025-26,m60,10.0,base,10.0,1.269381600000088,-2.050218399999994
NFP_2026-05-08,NFP,2026,2025-26,m60,10.0,base,10.0,-0.3886086499999692,0.04439135000002352
CPI_2026-05-12,CPI,2026,2025-26,m60,10.0,base,10.0,-0.40296024999988733,0.061039750000236384
NFP_2026-06-05,NFP,2026,2025-26,m60,10.0,base,10.0,-1.58737748500007,0.9825225150001643
CPI_2026-06-10,CPI,2026,2025-26,m60,10.0,base,10.0,2.8281095000000276,-1.3085904999999003
NFP_2026-07-02,NFP,2026,2025-26,m60,10.0,base,10.0,5.056849249999959,-1.5356507499999679
CPI_2026-07-14,CPI,2026,2025-26,m60,10.0,base,10.0,4.875193350000063,-4.127306650000037
NFP_2026-08-07,NFP,2026,2025-26,m60,10.0,base,10.0,-1.4061491500000556,-3.14714914999995
CPI_2026-08-12,CPI,2026,2025-26,m60,10.0,base,10.0,-1.2766577000000325,-1.2526577000001453
NFP_2026-09-04,NFP,2026,2025-26,m60,10.0,base,10.0,-5.174726950000149,6.670273050000015
CPI_2026-09-11,CPI,2026,2025-26,m60,10.0,base,10.0,-4.597288600000138,-1.5006886000001942
