fam,anno,m1,m5,a15,a60,sp
ADP,2008,8.0,23.0,30.0,37.0,5.0
ADP,2009,6.0,18.0,20.0,18.0,4.0
ADP,2010,7.0,15.0,17.0,44.0,4.0
ADP,2011,12.0,32.0,29.0,24.0,7.0
ADP,2012,19.0,29.0,35.0,42.0,11.0
ADP,2013,38.0,45.0,36.0,52.0,17.0
ADP,2014,23.0,30.0,30.0,12.0,8.0
ADP,2015,15.0,26.0,24.0,15.0,5.0
ADP,2016,23.0,33.0,19.0,23.0,5.0
ADP,2017,19.0,32.0,21.0,33.0,6.0
ADP,2018,16.0,24.0,13.0,14.0,4.0
ADP,2019,35.0,41.0,11.0,23.0,9.0
ADP,2020,29.0,53.0,29.0,42.0,10.0
ADP,2021,32.0,37.0,17.0,38.0,6.0
ADP,2022,32.0,39.0,10.0,12.0,6.0
ADP,2023,50.0,51.0,23.0,22.0,10.0
CLAIMS,2008,10.0,23.0,15.0,25.0,6.0
CLAIMS,2009,8.0,20.0,13.0,20.0,5.0
CLAIMS,2010,8.0,21.0,14.0,26.0,5.0
CLAIMS,2011,14.0,33.0,19.0,27.0,8.0
CLAIMS,2012,16.0,35.0,17.0,28.0,11.0
CLAIMS,2013,27.0,44.0,22.0,35.0,11.0
CLAIMS,2014,15.0,29.0,14.0,20.0,7.0
CLAIMS,2015,15.0,24.0,14.0,25.0,7.0
CLAIMS,2016,12.0,23.0,12.0,23.0,6.0
CLAIMS,2017,12.0,18.0,10.0,14.0,5.0
CLAIMS,2018,13.0,26.0,12.0,8.0,3.0
CLAIMS,2020,24.0,54.0,24.0,84.0,17.0
CLAIMS,2023,37.0,44.0,30.0,28.0,8.0
FIDUCIA,2008,8.0,23.0,21.0,30.0,5.0
FIDUCIA,2009,10.0,21.0,23.0,17.0,5.0
FIDUCIA,2010,8.0,19.0,23.0,47.0,6.0
FIDUCIA,2011,9.0,17.0,11.0,24.0,7.0
FIDUCIA,2012,15.0,24.0,22.0,37.0,7.0
FIDUCIA,2013,20.0,32.0,19.0,25.0,7.0
FIDUCIA,2014,17.0,20.0,10.0,12.0,6.0
FIDUCIA,2015,13.0,21.0,16.0,16.0,5.0
FIDUCIA,2016,12.0,17.0,10.0,12.0,4.0
FIDUCIA,2017,10.0,16.0,7.0,16.0,3.0
FIDUCIA,2018,9.0,15.0,6.0,12.0,3.0
FIDUCIA,2019,14.0,21.0,16.0,15.0,4.0
FIDUCIA,2020,22.0,26.0,13.0,23.0,8.0
FIDUCIA,2021,9.0,20.0,12.0,30.0,5.0
FIDUCIA,2022,26.0,35.0,12.0,30.0,8.0
FIDUCIA,2023,29.0,38.0,30.0,51.0,7.0
FOMC,2008,23.0,48.0,46.0,69.0,5.0
FOMC,2009,6.0,34.0,49.0,58.0,5.0
FOMC,2010,7.0,24.0,42.0,40.0,5.0
FOMC,2011,14.0,51.0,21.0,95.0,8.0
FOMC,2012,20.0,75.0,74.0,63.0,8.0
FOMC,2013,70.0,101.0,34.0,103.0,11.0
FOMC,2014,57.0,79.0,54.0,50.0,21.0
FOMC,2015,65.0,75.0,47.0,56.0,17.0
FOMC,2016,72.0,90.0,57.0,76.0,14.0
FOMC,2017,54.0,70.0,37.0,70.0,10.0
FOMC,2018,27.0,53.0,25.0,28.0,6.0
FOMC,2019,48.0,80.0,47.0,83.0,10.0
FOMC,2020,33.0,69.0,13.0,57.0,10.0
FOMC,2021,85.0,91.0,21.0,77.0,12.0
FOMC,2022,75.0,104.0,45.0,96.0,15.0
FOMC,2023,74.0,91.0,31.0,67.0,19.0
ISM_M,2008,7.0,21.0,19.0,37.0,5.0
ISM_M,2009,5.0,14.0,19.0,24.0,5.0
ISM_M,2010,7.0,16.0,16.0,30.0,4.0
ISM_M,2011,16.0,41.0,23.0,45.0,9.0
ISM_M,2012,17.0,40.0,42.0,55.0,11.0
ISM_M,2013,35.0,55.0,30.0,53.0,12.0
ISM_M,2014,16.0,25.0,15.0,16.0,8.0
ISM_M,2015,15.0,19.0,16.0,20.0,5.0
ISM_M,2016,22.0,28.0,25.0,24.0,6.0
ISM_M,2017,22.0,29.0,24.0,16.0,5.0
ISM_M,2018,10.0,18.0,8.0,11.0,3.0
ISM_M,2019,39.0,44.0,27.0,32.0,11.0
ISM_M,2020,37.0,43.0,20.0,28.0,9.0
ISM_M,2021,24.0,39.0,25.0,34.0,5.0
ISM_M,2022,35.0,50.0,27.0,52.0,8.0
ISM_M,2023,53.0,61.0,34.0,39.0,13.0
ISM_S,2008,8.0,20.0,16.0,26.0,5.0
ISM_S,2009,6.0,20.0,9.0,25.0,5.0
ISM_S,2010,8.0,21.0,7.0,32.0,4.0
ISM_S,2011,14.0,25.0,13.0,40.0,7.0
ISM_S,2012,15.0,31.0,18.0,38.0,10.0
ISM_S,2013,18.0,32.0,37.0,40.0,8.0
ISM_S,2014,11.0,18.0,13.0,26.0,6.0
ISM_S,2015,13.0,21.0,9.0,31.0,5.0
ISM_S,2016,25.0,34.0,34.0,34.0,5.0
ISM_S,2017,13.0,22.0,13.0,18.0,5.0
ISM_S,2018,12.0,16.0,10.0,22.0,4.0
ISM_S,2019,18.0,33.0,23.0,24.0,5.0
ISM_S,2020,24.0,35.0,17.0,18.0,7.0
ISM_S,2021,25.0,42.0,30.0,39.0,6.0
ISM_S,2022,43.0,65.0,43.0,61.0,8.0
ISM_S,2023,62.0,77.0,30.0,35.0,13.0
MICHIGAN,2008,7.0,21.0,16.0,47.0,5.0
MICHIGAN,2009,5.0,24.0,12.0,15.0,5.0
MICHIGAN,2010,8.0,20.0,18.0,27.0,6.0
MICHIGAN,2011,8.0,18.0,18.0,40.0,5.0
MICHIGAN,2012,13.0,24.0,14.0,26.0,5.0
MICHIGAN,2013,17.0,33.0,12.0,23.0,6.0
MICHIGAN,2014,10.0,15.0,10.0,33.0,4.0
MICHIGAN,2015,16.0,25.0,12.0,10.0,4.0
MICHIGAN,2016,19.0,23.0,10.0,17.0,5.0
MICHIGAN,2017,13.0,20.0,15.0,13.0,3.0
MICHIGAN,2020,36.0,70.0,11.0,29.0,7.0
MICHIGAN,2022,38.0,54.0,37.0,28.0,8.0
MICHIGAN,2023,37.0,49.0,29.0,23.0,10.0
PIL,2008,6.0,27.0,13.0,40.0,5.0
PIL,2009,9.0,19.0,9.0,12.0,
PIL,2010,9.0,23.0,16.0,36.0,5.0
PIL,2011,14.0,40.0,24.0,46.0,11.0
PIL,2012,13.0,37.0,27.0,31.0,10.0
PIL,2013,51.0,62.0,38.0,44.0,13.0
PIL,2014,33.0,46.0,23.0,24.0,12.0
PIL,2015,25.0,33.0,15.0,25.0,7.0
PIL,2016,25.0,27.0,19.0,22.0,6.0
PIL,2017,20.0,24.0,13.0,12.0,7.0
PIL,2018,12.0,15.0,11.0,6.0,4.0
PIL,2019,22.0,26.0,15.0,39.0,8.0
PIL,2020,28.0,35.0,6.0,11.0,11.0
PIL,2021,26.0,43.0,45.0,9.0,5.0
PIL,2022,32.0,44.0,44.0,38.0,6.0
PIL,2023,49.0,64.0,51.0,59.0,10.0
PPI,2008,8.0,20.0,22.0,18.0,6.0
PPI,2009,9.0,20.0,6.0,24.0,5.0
PPI,2010,7.0,20.0,6.0,10.0,5.0
PPI,2011,15.0,32.0,10.0,29.0,9.0
PPI,2012,15.0,31.0,15.0,31.0,11.0
PPI,2013,26.0,32.0,15.0,32.0,8.0
PPI,2014,14.0,24.0,12.0,19.0,5.0
PPI,2015,15.0,26.0,9.0,23.0,6.0
PPI,2016,13.0,25.0,11.0,15.0,5.0
PPI,2017,13.0,18.0,9.0,16.0,5.0
PPI,2018,10.0,14.0,8.0,15.0,3.0
PPI,2019,12.0,19.0,10.0,11.0,4.0
PPI,2021,30.0,46.0,27.0,23.0,5.0
PPI,2022,37.0,54.0,18.0,14.0,6.0
PPI,2023,58.0,58.0,29.0,50.0,16.0
RETAIL,2008,9.0,28.0,27.0,19.0,6.0
RETAIL,2009,11.0,26.0,16.0,29.0,5.0
RETAIL,2010,10.0,22.0,21.0,20.0,5.0
RETAIL,2011,8.0,17.0,20.0,33.0,9.0
RETAIL,2012,18.0,21.0,31.0,63.0,8.0
RETAIL,2013,31.0,47.0,17.0,18.0,12.0
RETAIL,2014,29.0,43.0,20.0,28.0,19.0
RETAIL,2015,38.0,43.0,31.0,31.0,11.0
RETAIL,2016,35.0,42.0,20.0,37.0,13.0
RETAIL,2017,31.0,38.0,12.0,32.0,8.0
RETAIL,2018,10.0,21.0,15.0,33.0,5.0
RETAIL,2019,31.0,37.0,22.0,26.0,10.0
RETAIL,2020,25.0,39.0,23.0,22.0,8.0
RETAIL,2021,32.0,52.0,19.0,31.0,5.0
RETAIL,2022,34.0,45.0,28.0,21.0,7.0
RETAIL,2023,59.0,74.0,42.0,42.0,13.0
VERBALI,2008,3.0,17.0,5.0,17.0,5.0
VERBALI,2009,7.0,12.0,13.0,9.0,5.0
VERBALI,2010,9.0,21.0,21.0,20.0,4.0
VERBALI,2011,11.0,25.0,8.0,30.0,6.0
VERBALI,2012,31.0,64.0,47.0,38.0,7.0
VERBALI,2013,38.0,96.0,87.0,33.0,8.0
VERBALI,2014,42.0,55.0,33.0,57.0,5.0
VERBALI,2015,20.0,56.0,24.0,23.0,6.0
VERBALI,2016,22.0,34.0,12.0,22.0,6.0
VERBALI,2017,25.0,41.0,15.0,34.0,5.0
VERBALI,2018,12.0,26.0,12.0,23.0,4.0
VERBALI,2019,13.0,23.0,17.0,9.0,5.0
VERBALI,2020,12.0,20.0,4.0,11.0,6.0
VERBALI,2021,7.0,22.0,12.0,16.0,5.0
VERBALI,2022,17.0,45.0,53.0,45.0,5.0
VERBALI,2023,17.0,27.0,14.0,31.0,8.0
